categoria,quantidade,percentual
Review Ruim (1-3),20307,21.07562815895717
Review Boa (4-5),76046,78.92437184104283
